Brand,Model,Storage ,RAM ,Screen Size (inches),Camera (MP),Battery Capacity (mAh),Price ($)
Apple,iPhone 13 Pro,128 GB,6 GB,6.10,12 + 12 + 12,3095,999.00
Samsung,Galaxy S21 Ultra,256 GB,12 GB,6.80,108 + 10 + 10 + 12,5000,1199.00
OnePlus,9 Pro,128 GB,8 GB,6.70,48 + 50 + 8 + 2,4500,899.00
Xiaomi,Redmi Note 10 Pro,128 GB,6 GB,6.67,64 + 8 + 5 + 2,5020,279.00
Google,Pixel 6,128 GB,8 GB,6.40,50 + 12.2,4614,799.00
Apple,iPhone 13,128 GB,4 GB,6.10,12 + 12,2815,799.00
Samsung,Galaxy Z Flip3,256 GB,8 GB,6.70,12 + 12,3300,999.00
Xiaomi,Poco X3 Pro,128 GB,6 GB,6.67,48 + 8 + 2 + 2,5160,249.00
Oppo,Reno6 Pro+ 5G,128 GB,8 GB,6.55,50 + 13 + 16 + 2,4500,699.00
Vivo,X70 Pro+,256 GB,12 GB,6.78,50 + 48 + 12 + 8,4500,1199.00
OnePlus,Nord CE 5G,128 GB,6 GB,6.43,64 + 8 + 2,4500,329.00
Samsung,Galaxy A52s 5G,128 GB,6 GB,6.50,64 + 12 + 5 + 5,4500,449.00
Realme,GT Neo2,128 GB,8 GB,6.62,64 + 8 + 2,5000,329.00
Apple,iPhone 12 Mini,64 GB,4 GB,5.40,12 + 12,2227,699.00
Oppo,Find X3 Pro,256 GB,12 GB,6.70,50 + 50 + 13 + 3,4500,1199.00
Xiaomi,Mi 11 Lite 5G NE,128 GB,6 GB,6.55,64 + 8 + 5,4250,329.00
Samsung,Galaxy S21,128 GB,8 GB,6.20,64 + 12 + 12,4000,799.00
Vivo,Y20s (G),128 GB,6 GB,6.51,50 + 2 + 2,5000,199.00
Realme,8s 5G,128 GB,6 GB,6.50,48 + 2 + 2,5000,299.00
Oppo,A94,128 GB,8 GB,6.43,48 + 8 + 2 + 2,4310,379.00
Xiaomi,Redmi 10 Prime,128 GB,6 GB,6.50,50 + 8 + 2 + 2,6000,179.00
Samsung,Galaxy A22 5G,128 GB,4 GB,6.60,48 + 5,5000,279.00
Realme,Narzo 50 Pro 5G,128 GB,6 GB,6.50,48 + 50 + 2,5000,249.00
OnePlus,9,128 GB,8 GB,6.55,48 + 50 + 2,4500,729.00
Xiaomi,Redmi Note 10 Pro Max,128 GB,6 GB,6.67,108 + 8 + 5 + 2,5020,279.00
Apple,iPhone 11,64 GB,4 GB,6.10,12 + 12,3110,599.00
Samsung,Galaxy A03s,32 GB,3 GB,6.50,13 + 2 + 2,5000,139.00
Oppo,A74 5G,128 GB,6 GB,6.50,48 + 2 + 2,5000,299.00
Vivo,Y12s (2021),32 GB,3 GB,6.51,13 + 2,5000,139.00
Realme,9i,128 GB,4 GB,6.50,50 + 2 + 2,6000,189.00
Samsung,Galaxy M52 5G,128 GB,6 GB,6.70,64 + 12 + 5 + 5,5000,449.00
Xiaomi,Redmi 10,128 GB,4 GB,6.50,50 + 8 + 2 + 2,5000,179.00
Apple,iPhone SE (2nd Gen),64 GB,3 GB,4.70,12,1821,399.00
Oppo,A53s,128 GB,6 GB,6.50,13 + 2 + 2,5000,259.00
Vivo,Y33s,128 GB,8 GB,6.58,50 + 2 + 2,5000,279.00
Realme,C25s,128 GB,4 GB,6.50,13 + 2 + 2,6000,159.00
Samsung,Galaxy A22 4G,128 GB,6 GB,6.40,48 + 5 + 2,5000,229.00
OnePlus,Nord 2 5G,128 GB,8 GB,6.43,50 + 8 + 2,4500,399.00
Xiaomi,Poco M3 Pro 5G,64 GB,4 GB,6.50,48 + 2 + 2,5000,199.00
Apple,iPhone XR,64 GB,3 GB,6.10,12,2942,499.00
Oppo,A16,64 GB,3 GB,6.52,13 + 2 + 2,5000,159.00
Realme,C21Y,64 GB,4 GB,6.50,13 + 2 + 2,5000,129.00
Samsung,Galaxy F22,64 GB,4 GB,6.40,48 + 8 + 2 + 2,6000,189.00
Oppo,F19 Pro+ 5G,128 GB,8 GB,6.43,64 + 8 + 2 + 2,4310,399.00
Xiaomi,Mi 11X,128 GB,8 GB,6.67,48 + 8 + 5,4520,529.00
Apple,iPhone 12 Mini,64 GB,4 GB,5.40,12 + 12,2227,699.00
Vivo,V21e,128 GB,8 GB,6.44,64 + 8,4000,369.00
Realme,8 5G,128 GB,4 GB,6.50,48 + 2 + 2,5000,199.00
Samsung,Galaxy M12,64 GB,4 GB,6.50,48 + 5 + 2 + 2,6000,159.00
Oppo,A16s,64 GB,4 GB,6.52,13 + 2 + 2,5000,179.00
Xiaomi,Redmi 9 Power,128 GB,4 GB,6.53,48 + 8 + 2 + 2,6000,189.00
Apple,iPhone 11 Pro Max,256 GB,4 GB,6.50,12 + 12 + 12,3969,1099.00
Vivo,Y20G,64 GB,4 GB,6.51,13 + 2 + 2,5000,169.00
Realme,Narzo 50i,32 GB,2 GB,6.50,50 + 2,5000,99.00
Samsung,Galaxy A52s 5G,128 GB,6 GB,6.50,64 + 12 + 5 + 5,4500,459.00
Oppo,A54,128 GB,4 GB,6.51,13 + 2 + 2,5000,239.00
Xiaomi,Redmi 9T,128 GB,4 GB,6.53,48 + 8 + 2 + 2,6000,199.00
Apple,iPhone 13 Pro Max,256 GB,6 GB,6.70,12 + 12 + 12,4352,1299.00
Vivo,Y33,128 GB,8 GB,6.58,50 + 2 + 2,5000,249.00
Samsung,Galaxy A72,128 GB,8 GB,6.70,64 + 12 + 8 + 5,5000,429.00
Oppo,Reno6 Pro 5G,128 GB,12 GB,6.55,64 + 8 + 2 + 2,4500,659.00
Xiaomi,Poco M3 Pro 5G,64 GB,4 GB,6.50,48 + 2 + 2,5000,199.00
Apple,iPhone SE (2020),64 GB,3 GB,4.70,12,1821,399.00
Vivo,Y53s,128 GB,8 GB,6.58,64 + 2,5000,269.00
Realme,7i,128 GB,8 GB,6.50,64 + 8 + 2 + 2,5000,239.00
Samsung,Galaxy A52 5G,128 GB,6 GB,6.50,64 + 12 + 5 + 5,4500,449.00
Oppo,F19 Pro,128 GB,8 GB,6.43,48 + 8 + 2 + 2,4310,359.00
Xiaomi,Redmi Note 10S,128 GB,6 GB,6.43,64 + 8 + 2 + 2,5000,229.00
Apple,iPhone XR,64 GB,3 GB,6.10,12 + 12,2942,499.00
Vivo,Y21s,128 GB,4 GB,6.51,50 + 2,5000,179.00
Realme,C25s,128 GB,4 GB,6.50,13 + 2 + 2,6000,169.00
Samsung,Galaxy A22 5G,128 GB,4 GB,6.60,48 + 5 + 2,5000,239.00
Oppo,A94,128 GB,8 GB,6.43,48 + 8 + 2 + 2,4310,329.00
Xiaomi,Mi 11 Lite 5G,128 GB,6 GB,6.55,64 + 8 + 5,4250,369.00
Apple,iPhone 11,128 GB,4 GB,6.10,12 + 12,3110,599.00
Vivo,X60 Pro,256 GB,12 GB,6.56,48 + 13 + 13,4200,799.00
Realme,Narzo 50A,64 GB,4 GB,6.50,50 + 2,5000,139.00
Apple,iPhone 13,128GB,4GB,6.10,12MP + 12MP,2815,799.00
Samsung,Galaxy S21,128GB,8GB,6.20,64MP + 12MP + 12MP,4000,799.00
OnePlus,Nord 2,128GB,8GB,6.43,50MP + 8MP + 2MP,4500,399.00
Google,Pixel 6,128GB,8GB,6.40,50MP + 12MP,4600,699.00
Xiaomi,Poco X4 Pro,128GB,6GB,6.67,48MP + 8MP + 2MP + 2MP,5160,329.00
Realme,GT Master Edition,128GB,8GB,6.43,64MP + 8MP + 2MP,4300,399.00
Vivo,X70 Pro+,256GB,12GB,6.78,50MP + 48MP + 12MP + 8MP,4450,999.00
Oppo,Reno6 Pro+,256GB,12GB,6.55,50MP + 16MP + 13MP + 2MP,4500,699.00
Motorola,Edge 20 Pro,256GB,12GB,6.70,108MP + 16MP + 8MP,4500,699.00
Nokia,XR20,128GB,6GB,6.67,48MP + 13MP,4630,549.00
Sony,Xperia 5 III,128GB,8GB,6.10,12MP + 12MP + 12MP,4500,1299.00
LG,Wing,256GB,8GB,6.8 + 3.9,64MP + 13MP + 12MP,4000,999.00
Asus,Zenfone 8 Flip,256GB,8GB,6.67,64MP + 12MP + 8MP,5000,899.00
Blackberry,KEY2 LE,64GB,4GB,4.50,13MP + 5MP,3000,399.00
Samsung,Galaxy A72,128GB,6GB,6.70,64MP + 12MP + 8MP + 5MP,5000,449.00
Xiaomi,Redmi Note 10 Pro Max,128GB,6GB,6.67,108MP + 8MP + 5MP + 2MP,5020,319.00
Realme,Narzo 50 Pro 5G,128GB,8GB,6.50,48MP + 50MP + 2MP,5000,269.00
Oppo,F19 Pro+,128GB,8GB,6.43,48MP + 8MP + 2MP + 2MP,4310,349.00
Vivo,Y33s,128GB,8GB,6.58,50MP + 2MP + 2MP,5000,269.00
Motorola,Moto G60,128GB,6GB,6.80,108MP + 8MP + 2MP,6000,279.00
Nokia,5.4,64GB,4GB,6.39,48MP + 5MP + 2MP,4000,249.00
LG,K92 5G,128GB,6GB,6.70,64MP + 5MP + 2MP + 2MP,4000,349.00
Asus,Zenfone 8,128GB,6GB,5.90,64MP + 12MP,4000,699.00
Blackberry,KEY2,64GB,6GB,4.50,12MP + 12MP,3500,699.00
CAT,S42,32GB,3GB,5.50,13MP + 5MP,4200,299.00
Samsung,Galaxy Z Flip 3,128GB,8GB,6.70,12MP + 12MP,3300,999.00
OnePlus,9 Pro,256GB,12GB,6.70,48MP + 50MP + 8MP,4500,969.00
Xiaomi,Mi 11 Ultra,256GB,12GB,6.81,50MP + 48MP + 48MP,5000,1199.00
Oppo,A16,32GB,3GB,6.52,13MP + 2MP + 2MP,5000,149.00
Vivo,Y12A,32GB,3GB,6.51,13MP + 2MP,5000,139.00
Nokia,C20 Plus,32GB,3GB,6.50,8MP + 2MP,4950,99.00
Samsung,Galaxy S20 FE 5G,128GB,6GB,6.50,12MP + 12MP + 8MP,4500,699.00
Motorola,Moto E7i Power,32GB,2GB,6.50,13MP + 2MP,5000,99.00
Xiaomi,Poco M3 Pro 5G,128GB,6GB,6.50,48MP + 2MP + 2MP,5000,199.00
Realme,C21Y,64GB,4GB,6.50,13MP + 2MP + 2MP,5000,169.00
Asus,ROG Phone 5,128GB,8GB,6.78,64MP + 13MP + 5MP,6000,999.00
LG,Velvet 5G,128GB,6GB,6.80,48MP + 8MP + 5MP,4300,499.00
Blackberry,Evolve,64GB,6GB,5.99,12MP + 13MP,4000,399.00
Oppo,Reno 6 Pro+,256GB,12GB,6.55,50MP + 13MP + 16MP + 2MP,4500,799.00
Samsung,Galaxy A03s,64GB,4GB,6.50,13MP + 2MP + 2MP,5000,179.00
Xiaomi,Redmi 10 Prime,128GB,6GB,6.50,50MP + 8MP + 2MP + 2MP,6000,219.00
Motorola,Moto G50,64GB,4GB,6.50,48MP + 5MP + 2MP,5000,249.00
Realme,Narzo 50A,64GB,4GB,6.50,50MP + 2MP,6000,149.00
Nokia,G20,64GB,4GB,6.50,48MP + 5MP,5050,199.00
Samsung,Galaxy M32,128GB,6GB,6.40,64MP + 8MP + 2MP + 2MP,6000,279.00
Vivo,Y20G,64GB,4GB,6.51,13MP + 2MP + 2MP,5000,179.00
Asus,Zenfone 8 Flip,128GB,8GB,6.67,64MP + 12MP + 12MP,5000,899.00
Oppo,A54,128GB,6GB,6.51,50MP + 2MP + 2MP,5000,269.00
Samsung,Galaxy F22,128GB,6GB,6.40,48MP + 8MP + 2MP + 2MP,6000,229.00
Xiaomi,Mi 11 Lite 5G,128GB,6GB,6.55,64MP + 8MP + 5MP,4250,399.00
Realme,8i,128GB,4GB,6.60,50MP + 2MP + 2MP,5000,239.00
Nokia,C30,64GB,3GB,6.82,13MP + 2MP,6000,149.00
Samsung,Galaxy A32,128GB,6GB,6.40,64MP + 8MP + 5MP + 5MP,5000,279.00
Xiaomi,Redmi Note 10 Pro Max,128GB,8GB,6.67,108MP + 8MP + 5MP + 2MP,5020,329.00
Realme,C21Y,64GB,4GB,6.50,13MP + 2MP + 2MP,5000,149.00
Nokia,XR20,128GB,6GB,6.67,48MP + 13MP,4630,549.00
Samsung,Galaxy A52s 5G,128GB,6GB,6.50,64MP + 12MP + 5MP + 5MP,4500,449.00
Vivo,Y33s,128GB,8GB,6.58,50MP + 2MP,5000,279.00
Oppo,A16s,64GB,4GB,6.52,13MP + 2MP + 2MP,5000,199.00
Motorola,Moto G Stylus 5G,128GB,5GB,6.80,48MP + 8MP + 5MP,5000,399.00
Xiaomi,Poco M3 Pro 5G,64GB,4GB,6.50,48MP + 2MP + 2MP,5000,179.00
Realme,GT Neo2,128GB,8GB,6.62,64MP + 8MP + 2MP,5000,399.00
Nokia,C20 Plus,32GB,3GB,6.50,8MP + 2MP,4950,109.00
Samsung,Galaxy A21s,128GB,4GB,6.50,48MP + 8MP + 2MP + 2MP,5000,219.00
Vivo,Y12s,32GB,3GB,6.51,13MP + 2MP,5000,149.00
Oppo,F19s,128GB,6GB,6.43,48MP + 2MP + 2MP,5000,299.00
Realme,Narzo 30 Pro 5G,128GB,8GB,6.50,48MP + 8MP + 2MP,5000,279.00
Samsung,Galaxy A03s,32GB,3GB,6.50,13MP + 2MP + 2MP,5000,149.00
Xiaomi,Redmi 10 Prime,128GB,4GB,6.50,50MP + 8MP + 2MP + 2MP,6000,189.00
Motorola,Moto G Pure,32GB,3GB,6.50,48MP + 2MP,5000,169.00
Oppo,Reno6 Z 5G,128GB,8GB,6.40,64MP + 8MP + 2MP,4310,389.00
Samsung,Galaxy S21 Ultra 5G,256GB,12GB,6.80,108MP + 12MP + 10MP + 10MP,5000,1199.00
Vivo,Y53s,128GB,8GB,6.58,64MP + 2MP,5000,299.00
Realme,8i,128GB,4GB,6.60,50MP + 2MP + 2MP,5000,219.00
Nokia,G50,64GB,4GB,6.82,48MP + 5MP + 2MP,5000,299.00
Xiaomi,Redmi 9 Activ,64GB,4GB,6.53,13MP + 2MP,5000,149.00
Oppo,A54s,128GB,6GB,6.50,50MP + 2MP + 2MP,5000,249.00
Samsung,Galaxy M22,128GB,4GB,6.40,48MP + 8MP + 2MP + 2MP,5000,219.00
Motorola,Moto G Power 2022,128GB,4GB,6.60,48MP + 8MP + 2MP,5000,249.00
Vivo,Y21s,128GB,4GB,6.51,50MP + 2MP,5000,179.00
Xiaomi,Poco X3 GT,128GB,8GB,6.60,64MP + 8MP + 2MP,5000,299.00
Samsung,Galaxy F42 5G,128GB,8GB,6.60,64MP + 8MP + 5MP,5000,309.00
Oppo,A16s,128GB,4GB,6.52,13MP + 2MP + 2MP,5000,179.00
Vivo,V21e,128GB,8GB,6.44,64MP + 8MP,4000,369.00
Realme,GT Master Edition,128GB,6GB,6.43,64MP + 8MP + 2MP,4300,349.00
Motorola,Edge 20 Fusion,128GB,6GB,6.70,108MP + 8MP + 2MP,5000,499.00
Samsung,Galaxy A21s,64GB,4GB,6.50,48MP + 8MP + 2MP + 2MP,5000,199.00
Xiaomi,Redmi Note 10S,128GB,6GB,6.43,64MP + 8MP + 2MP + 2MP,5000,229.00
Oppo,A74 5G,128GB,6GB,6.50,48MP + 2MP + 2MP,5000,299.00
Realme,C21,64GB,3GB,6.50,13MP + 2MP + 2MP,5000,129.00
Samsung,Galaxy M52 5G,128GB,6GB,6.70,64MP + 12MP + 5MP + 5MP,5000,449.00
Vivo,V21 5G,128GB,8GB,6.44,64MP + 8MP,4000,499.00
Xiaomi,Redmi Note 9 Pro Max,128GB,6GB,6.67,64MP + 8MP + 5MP + 2MP,5020,279.00
Motorola,Moto G Stylus 5G,128GB,5GB,6.80,48MP + 8MP + 5MP,5000,399.00
Oppo,Reno6 Pro+ 5G,256GB,12GB,6.55,50MP + 16MP + 13MP + 2MP,4500,849.00
Realme,Narzo 30 Pro 5G,128GB,6GB,6.50,48MP + 8MP + 2MP,5000,279.00
Samsung,Galaxy A32,128GB,4GB,6.40,64MP + 8MP + 5MP + 2MP,5000,299.00
Xiaomi,Poco X3 Pro,128GB,6GB,6.67,48MP + 8MP + 2MP + 2MP,5160,249.00
Realme,C25s,128GB,4GB,6.50,13MP + 2MP + 2MP,6000,149.00
Motorola,Moto G Power 2021,64GB,4GB,6.60,48MP + 2MP,5000,199.00
Samsung,Galaxy A52s 5G,128GB,6GB,6.50,64MP + 12MP + 5MP + 5MP,4500,469.00
Vivo,V21e 5G,128GB,8GB,6.44,64MP + 8MP,4000,329.00
Oppo,A53s 5G,128GB,6GB,6.52,13MP + 2MP + 2MP,5000,279.00
Realme,GT Neo2,128GB,8GB,6.62,64MP + 8MP + 2MP,5000,369.00
Samsung,Galaxy M32,128GB,4GB,6.40,64MP + 8MP + 2MP + 2MP,6000,269.00
Xiaomi,Mi 11 Lite NE,128GB,6GB,6.55,64MP + 8MP + 5MP,4250,329.00
Motorola,Moto G Stylus 2021,128GB,4GB,6.40,48MP + 8MP + 2MP,4000,299.00
Oppo,A54s 5G,128GB,6GB,6.50,48MP + 2MP + 2MP,5000,299.00
Samsung,Galaxy F41,128GB,6GB,6.40,64MP + 8MP + 5MP,6000,239.00
Xiaomi,Redmi Note 10 Pro,128GB,6GB,6.67,64MP + 8MP + 5MP + 2MP,5020,329.00
Realme,Narzo 50A,128GB,4GB,6.50,50MP + 2MP,5000,149.00
Oppo,A16s,64GB,4GB,6.52,13MP + 2MP + 2MP,5000,189.00
Samsung,Galaxy M52,128GB,6GB,6.70,64MP + 12MP + 5MP + 5MP,5000,449.00
Vivo,V21 5G,128GB,8GB,6.44,64MP + 8MP + 2MP,4000,399.00
Motorola,Moto G50s,128GB,4GB,6.50,48MP + 5MP + 2MP,5000,249.00
Samsung,Galaxy A13,64GB,4GB,6.50,50MP + 5MP,5000,189.00
Xiaomi,Redmi 9 Activ,128GB,6GB,6.53,50MP + 2MP,5000,209.00
Realme,7i,128GB,8GB,6.50,64MP + 8MP + 2MP + 2MP,5000,199.00
Oppo,A74 5G,128GB,6GB,6.50,48MP + 2MP + 2MP,5000,299.00
Samsung,Galaxy A42 5G,128GB,4GB,6.60,48MP + 8MP + 5MP + 5MP,5000,329.00
Vivo,Y33s,128GB,8GB,6.58,50MP + 2MP + 2MP,5000,249.00
Motorola,Moto G9 Power Lite,64GB,4GB,6.50,48MP + 2MP + 2MP,6000,149.00
Realme,C21Y,64GB,4GB,6.50,13MP + 2MP + 2MP,5000,119.00
Samsung,Galaxy A22,128GB,4GB,6.40,48MP + 8MP + 2MP + 2MP,5000,219.00
Xiaomi,Redmi Note 10S,128GB,6GB,6.43,64MP + 8MP + 2MP + 2MP,5000,279.00
Oppo,A74,128GB,6GB,6.43,48MP + 2MP + 2MP,5000,299.00
Samsung,Galaxy A32,128GB,4GB,6.40,64MP + 8MP + 5MP + 5MP,5000,269.00
Vivo,Y72 5G,128GB,8GB,6.58,64MP + 8MP + 2MP,5000,339.00
Motorola,Moto G60,128GB,6GB,6.80,108MP + 8MP + 2MP,6000,299.00
Xiaomi,Mi 10i,128GB,6GB,6.67,108MP + 8MP + 2MP + 2MP,4820,319.00
Realme,Narzo 30 Pro,128GB,8GB,6.50,48MP + 8MP + 2MP,5000,279.00
Samsung,Galaxy M62,128GB,8GB,6.70,64MP + 12MP + 5MP + 5MP,7000,429.00
Oppo,A53s,128GB,6GB,6.50,50MP + 2MP + 2MP,5000,269.00
Xiaomi,Redmi 10 Prime,128GB,6GB,6.50,50MP + 8MP + 2MP + 2MP,6000,199.00
Realme,C25s,128GB,4GB,6.50,13MP + 2MP + 2MP,6000,159.00
Samsung,Galaxy A12,64GB,4GB,6.50,48MP + 5MP + 2MP + 2MP,5000,179.00
Xiaomi,Poco X3 Pro,128GB,6GB,6.67,48MP + 8MP + 2MP + 2MP,5160,299.00
Samsung,Galaxy A03s,64GB,4GB,6.50,13MP + 2MP + 2MP,5000,149.00
Oppo,A15s,64GB,4GB,6.52,13MP + 2MP + 2MP,4230,169.00
Realme,C11 2021,32GB,2GB,6.52,8MP + 2MP,5000,99.00
Nokia,C30,32GB,2GB,6.82,13MP + 2MP,6000,149.00
Xiaomi,Redmi 9i,64GB,4GB,6.53,13MP,5000,139.00
Samsung,Galaxy A22 5G,128GB,4GB,6.60,48MP + 5MP + 2MP,5000,279.00
Oppo,A53,128GB,6GB,6.50,13MP + 2MP + 2MP,5000,219.00
Vivo,Y12s,32GB,3GB,6.51,13MP + 2MP,5000,149.00
Xiaomi,Mi 11 Lite 5G,128GB,8GB,6.55,64MP + 8MP + 5MP,4250,429.00
Realme,7 5G,128GB,6GB,6.50,48MP + 8MP + 2MP,5000,279.00
Samsung,Galaxy M31s,128GB,6GB,6.50,64MP + 12MP + 5MP + 5MP,6000,379.00
Oppo,A15,32GB,3GB,6.52,13MP + 2MP + 2MP,4230,149.00
Nokia,G10,32GB,3GB,6.52,13MP + 2MP + 2MP,5050,169.00
Xiaomi,Poco X3 GT,128GB,8GB,6.60,64MP + 8MP + 2MP,5000,329.00
Realme,C25,64GB,4GB,6.50,13MP + 2MP + 2MP,6000,179.00
Xiaomi,Redmi Note 10 Pro Max,128GB,8GB,6.67,108MP + 8MP + 5MP + 2MP,5020,329.00
Samsung,Galaxy A52 5G,128GB,6GB,6.50,64MP + 12MP + 5MP + 5MP,4500,449.00
Oppo,A94,128GB,8GB,6.43,48MP + 8MP + 2MP + 2MP,4310,399.00
Vivo,Y33s,128GB,8GB,6.58,50MP + 2MP + 2MP,5000,289.00
Realme,Narzo 50A,64GB,4GB,6.50,50MP + 2MP,5000,149.00
Nokia,X20,128GB,6GB,6.67,64MP + 5MP + 2MP + 2MP,4470,449.00
Xiaomi,Redmi 9 Power,128GB,4GB,6.53,48MP + 8MP + 2MP + 2MP,6000,199.00
Samsung,Galaxy M12,64GB,4GB,6.50,48MP + 5MP + 2MP + 2MP,6000,179.00
Oppo,A53s,128GB,6GB,6.50,13MP + 2MP + 2MP,5000,229.00
Vivo,Y20s G,128GB,6GB,6.51,50MP + 2MP + 2MP,5000,209.00
Realme,C21Y,64GB,4GB,6.50,13MP + 2MP + 2MP,5000,139.00
Nokia,C20 Plus,32GB,3GB,6.50,8MP + 2MP,4950,99.00
Xiaomi,Redmi 10 Prime,128GB,4GB,6.50,50MP + 8MP + 2MP + 2MP,6000,199.00
Oppo,Reno 6 Pro 5G,128GB,12GB,6.55,64MP + 8MP + 2MP,4500,549.00
Vivo,Y31s,128GB,6GB,6.58,13MP + 2MP,5000,239.00
Realme,8 5G,128GB,8GB,6.50,48MP + 2MP,5000,299.00
Nokia,G20,64GB,4GB,6.50,48MP + 5MP + 2MP + 2MP,5050,199.00
Xiaomi,Poco X3 Pro,128GB,6GB,6.67,48MP + 8MP + 2MP + 2MP,5160,249.00
Samsung,Galaxy A32 5G,128GB,4GB,6.50,48MP + 8MP + 5MP + 2MP,5000,279.00
Oppo,A16,32GB,3GB,6.52,13MP + 2MP + 2MP,5000,149.00
Vivo,V21 5G,128GB,8GB,6.44,64MP + 8MP + 2MP,4000,469.00
Realme,C11 2021,32GB,2GB,6.50,8MP + 2MP,5000,99.00
Nokia,5.4,128GB,4GB,6.39,48MP + 5MP + 2MP + 2MP,4000,249.00
Xiaomi,Redmi Note 10,64GB,4GB,6.43,48MP + 8MP + 2MP + 2MP,5000,199.00
Samsung,Galaxy F41,64GB,6GB,6.40,64MP + 8MP + 5MP,6000,249.00
Oppo,A54,128GB,6GB,6.51,48MP + 2MP + 2MP,5000,249.00
Vivo,V20 SE,128GB,8GB,6.44,48MP + 8MP + 2MP,4100,319.00
Nokia,3.4,64GB,3GB,6.39,13MP + 5MP + 2MP,4000,179.00
Xiaomi,Redmi Note 9 Pro Max,64GB,6GB,6.67,64MP + 8MP + 5MP + 2MP,5020,279.00
Samsung,Galaxy M31s,128GB,8GB,6.50,64MP + 12MP + 5MP + 5MP,6000,349.00
Oppo,A54,128GB,4GB,6.51,13MP + 2MP + 2MP,5000,219.00
Vivo,Y12s,32GB,3GB,6.51,13MP + 2MP,5000,149.00
Realme,C20,32GB,2GB,6.50,8MP,5000,99.00
Nokia,1.4,32GB,2GB,6.51,8MP + 2MP,4000,119.00
Xiaomi,Redmi 9 Power,64GB,4GB,6.53,48MP + 8MP + 2MP + 2MP,6000,169.00
Samsung,Galaxy A02s,32GB,3GB,6.50,13MP + 2MP + 2MP,5000,139.00
Oppo,A15s,64GB,4GB,6.52,13MP + 2MP + 2MP,4230,159.00
Vivo,Y51A,128GB,8GB,6.58,48MP + 8MP + 2MP,5000,289.00
Realme,Narzo 20,64GB,4GB,6.50,48MP + 8MP + 2MP,6000,199.00
Nokia,5.3,64GB,3GB,6.55,13MP + 5MP + 2MP + 2MP,4000,199.00
Xiaomi,Redmi Note 8,64GB,4GB,6.30,48MP + 8MP + 2MP + 2MP,4000,179.00
Samsung,Galaxy M11,32GB,3GB,6.40,13MP + 5MP + 2MP,5000,130.00
Oppo,A54,64GB,4GB,6.51,13MP + 2MP + 2MP,5000,199.00
Vivo,Y20s,128GB,8GB,6.51,13MP + 2MP + 2MP,5000,249.00
Realme,C11,32GB,2GB,6.50,13MP + 2MP,5000,99.00
Nokia,2.4,32GB,2GB,6.50,8MP + 2MP,4500,129.00
Xiaomi,Redmi 9,64GB,4GB,6.53,13MP + 8MP + 5MP + 2MP,5020,149.00
Samsung,Galaxy A11,32GB,2GB,6.40,13MP + 5MP + 2MP,4000,129.00
Oppo,A12,64GB,4GB,6.22,13MP + 2MP,4230,139.00
Vivo,Y20G,128GB,6GB,6.51,13MP + 2MP + 2MP,5000,229.00
Realme,C15,64GB,4GB,6.50,13MP + 8MP + 2MP + 2MP,6000,179.00
Nokia,3.1 Plus,32GB,3GB,6.00,13MP + 5MP,3500,139.00
Xiaomi,Redmi Note 7,64GB,4GB,6.30,48MP + 5MP,4000,159.00
Samsung,Galaxy A12,64GB,4GB,6.50,48MP + 5MP + 2MP + 2MP,5000,179.00
Oppo,A31,128GB,4GB,6.50,12MP + 2MP + 2MP,4230,199.00
Vivo,Y15,64GB,4GB,6.35,13MP + 8MP + 2MP,5000,189.00
Realme,Narzo 10A,32GB,3GB,6.50,12MP + 2MP + 2MP,5000,129.00
Xiaomi,Redmi 9T,128GB,4GB,6.53,48MP + 8MP + 2MP + 2MP,6000,229.00
Samsung,Galaxy A30s,64GB,4GB,6.40,25MP + 8MP + 5MP,4000,279.00
Samsung,Galaxy Note 20 Ultra,256,12,6.90,108+12+12,4500,1299.00
Apple,iPhone SE (2020),64,3,4.70,12,1821,399.00
Xiaomi,Poco X3 Pro,128,6,6.67,48+8+2+2,5160,249.00
Google,Pixel 5,128,8,6.00,12.2+16,4080,699.00
Huawei,Mate 40 Pro,256,8,6.76,50+20+12+3D,4400,1199.00
OnePlus,Nord N10 5G,128,6,6.49,64+8+2+2,4300,299.00
Oppo,Reno 5 Pro 5G,128,8,6.55,64+8+2+2,4350,449.00
Samsung,Galaxy A71,128,6,6.70,64+12+5+5,4500,599.00
Nokia,8.3 5G,128,8,6.81,64+12+2+2,4500,499.00
Apple,iPhone 11 Pro Max,512,4,6.50,12+12+12,3969,1099.00
Xiaomi,Mi 11,256,8,6.81,108+13+5,4600,749.00
Motorola,Moto G Power (2021),64,4,6.60,48+2+2,5000,199.00
Google,Pixel 4a 5G,128,6,6.20,12.2+16,3885,499.00
Huawei,Nova 8 Pro 5G,128,8,6.72,64+8+2+2,4000,699.00
Samsung,Galaxy A52,128,6,6.50,64+12+5+5,4500,449.00
OnePlus,8T,256,12,6.55,48+16+5+2,4500,749.00
Xiaomi,Redmi 9,64,4,6.53,13+8+5+2,5020,149.00
Apple,iPhone 13,128,6,6.10,12+12+12,2815,799.00
Oppo,A15s,64,4,6.52,13+2+2,4230,159.00
Nokia,G50 5G,128,4,6.82,48+5+2,4850,299.00
Apple,iPhone XR,64,3,6.10,12+7,2942,599.00
Samsung,Galaxy S21 Ultra 5G,256,12,6.80,108+10+10+12,5000,1199.00
Xiaomi,Redmi Note 10 Pro,128,6,6.67,108+8+5+2,5020,279.00
Oppo,Find X3 Neo 5G,256,12,6.55,50+16+13+2,4500,899.00
Huawei,P40 Pro,256,8,6.58,50+12+40+3D,4200,1099.00
OnePlus,9 Pro,256,12,6.70,48+50+8+2,4500,969.00
Motorola,Moto G Stylus (2021),128,4,6.40,48+8+2,4000,299.00
Google,Pixel 4,128,6,5.70,12.2+16,2800,799.00
Samsung,Galaxy A12,128,4,6.50,48+5+2+2,5000,179.00
Nokia,5.4,64,4,6.39,48+5+2+2,4000,179.00
Apple,iPhone 12,128,4,6.10,12+12,2815,799.00
Xiaomi,Redmi 10,128,4,6.50,50+8+2+2,5000,229.00
Oppo,A94 5G,128,8,6.43,48+8+2+2,4310,399.00
Huawei,Nova 9 Pro 5G,256,8,6.72,50+8+16+2,4500,699.00
Samsung,Galaxy S10 Lite,128,6,6.70,48+12+5,4500,649.00
OnePlus,8 Pro,256,12,6.78,48+48+8+5,4510,999.00
Nokia,7.2,128,6,6.30,48+8+5,3500,349.00
Xiaomi,Mi 10T Pro,256,8,6.67,108+13+5,5000,599.00
Apple,iPhone 11,64,4,6.10,12+12+12,3110,699.00
Oppo,F19 Pro+ 5G,128,8,6.43,64+8+2+2,4310,419.00
Motorola,Moto G Power (2021),64,3,6.60,48+2+2,5000,199.00
Samsung,Galaxy A71,128,6,6.70,64+12+5+5,4500,399.00
Huawei,Mate 30 Pro 5G,256,8,6.53,40+40+8+3D,4500,1099.00
Xiaomi,Poco X3 Pro,128,6,6.67,48+8+2+2,5160,249.00
Google,Pixel 5,128,8,6.00,12.2+16,4080,699.00
Apple,iPhone SE (2020),64,3,4.70,12,1821,399.00
Samsung,Galaxy M51,128,6,6.70,64+12+5+5,7000,449.00
Oppo,Reno4 Pro 5G,256,12,6.55,48+12+13,4000,799.00
Nokia,3.4,64,4,6.39,13+5+2,4000,179.00
Motorola,Moto G9 Plus,128,4,6.81,64+8+2+2,5000,279.00
Apple,iPhone XS Max,256,4,6.50,12+12,3174,1099.00
Samsung,Galaxy A32 5G,128,4,6.50,48+8+5+2,5000,279.00
Xiaomi,Redmi Note 9S,128,6,6.67,48+8+5+2,5020,249.00
Oppo,A92,128,8,6.50,48+8+2+2,5000,399.00
Huawei,P30 Pro,256,8,6.47,40+20+8+ToF,4200,999.00
Samsung,Galaxy S20 FE 5G,128,6,6.50,12+12+8,4500,699.00
OnePlus,7 Pro,256,8,6.67,48+16+8,4000,699.00
Nokia,6.2,128,4,6.30,16+8+5,3500,249.00
Xiaomi,Mi 10T Lite,128,6,6.67,64+8+2+2,4820,279.00
Apple,iPhone 8 Plus,64,3,5.50,12+12,2691,699.00
Oppo,A53,128,4,6.50,13+2+2,5000,249.00
Motorola,Moto G8 Power,64,4,6.40,16+8+8+2,5000,229.00
Huawei,Nova 7i,128,8,6.40,48+8+2+2,4200,329.00
Samsung,Galaxy S21+ 5G,256,8,6.70,12+64+12,4800,999.00
Xiaomi,Mi 11 Lite,128,6,6.55,64+8+5,4250,399.00
Nokia,8.3 5G,128,8,6.81,64+12+2+2,4500,499.00
OnePlus,Nord,128,8,6.44,48+8+5+2,4115,449.00
Apple,iPhone XR,64,3,6.10,12,2942,499.00
Samsung,Galaxy A12,128,4,6.50,48+5+2+2,5000,179.00
Oppo,A94 5G,128,8,6.43,48+8+2+2,4310,399.00
Xiaomi,Redmi 9T,128,4,6.53,48+8+2+2,6000,199.00
Motorola,Moto G10,128,4,6.50,48+8+2+2,5000,199.00
Samsung,Galaxy A52 5G,128,6,6.50,64+12+5+5,4500,449.00
Huawei,P40 Pro+,512,8,6.58,50+40+12+3D,4200,1399.00
Apple,iPhone 11 Pro Max,64,4,6.50,12+12+12,3969,1099.00
Samsung,Galaxy Note20 5G,256,8,6.70,12+64+12,4300,999.00
Xiaomi,Poco M3,128,4,6.53,48+2+2,6000,179.00
Nokia,5.4,64,4,6.39,48+5+2+2,4000,179.00
Oppo,Find X3 Neo 5G,256,12,6.55,50+16+13+2,4500,799.00
Samsung,Galaxy S20 Ultra 5G,512,16,6.90,108+48+12+3D,5000,1399.00
Xiaomi,Redmi Note 9S,128,6,6.67,48+8+5+2,5020,229.00
Apple,iPhone 12 mini,256,4,5.40,12+12,2227,899.00
Samsung,Galaxy A21s,128,6,6.50,48+8+2+2,5000,199.00
OnePlus,9,128,8,6.55,48+50+2,4500,729.00
Motorola,Moto G9 Power,128,4,6.80,64+2+2,6000,229.00
Samsung,Galaxy Z Fold2 5G,256,12,7.6 (unfolded),12+12+12,4500,1999.00
Xiaomi,Mi 10T Pro 5G,128,8,6.67,108+13+5,5000,599.00
Oppo,Reno4 Pro 5G,256,12,6.50,48+13+12+2,4000,799.00
Huawei,P40 Pro,256,8,6.58,50+12+40+3D,4200,999.00
Samsung,Galaxy S20 FE 5G,128,6,6.50,12+12+8,4500,699.00
Nokia,2.4,32,2,6.50,13+2,4500,139.00
Apple,iPhone SE (2020),128,3,4.70,12,1821,449.00
Xiaomi,Redmi 9C,64,3,6.53,13+2+2,5000,119.00
Samsung,Galaxy A32 5G,128,4,6.50,48+8+5+2,5000,279.00
OnePlus,Nord N10 5G,128,6,6.49,64+8+2+2,4300,299.00
Huawei,Y7p,64,4,6.39,48+8+2,4000,199.00
Apple,iPhone 12 Pro,128,6,6.10,12+12+12,2815,999.00
Samsung,Galaxy A42 5G,128,4,6.60,48+8+5+5,5000,329.00
Xiaomi,Redmi Note 10 Pro,128,6,6.67,108+8+5+2,5020,329.00
Samsung,Galaxy S21,128,8,6.20,64+12+12,4000,799.00
Apple,iPhone 11,128,4,6.10,12+12,3110,749.00
Xiaomi,Redmi 9T,128,4,6.53,48+8+2+2,6000,199.00
Google,Pixel 5,128,8,6.00,12.2+16,4080,699.00
Huawei,Nova 7i,128,8,6.40,48+8+2+2,4200,349.00
Samsung,Galaxy S20 Ultra 5G,128,12,6.90,108+48+12+0.3,5000,1199.00
OnePlus,8T,128,8,6.55,48+16+5+2,4500,749.00
Motorola,Moto G8 Power,64,4,6.40,16+8+8+2,5000,199.00
Realme,7,128,8,6.50,64+8+2+2,5000,299.00
Apple,iPhone XR,128,3,6.10,12+12,2942,599.00
Xiaomi,Poco M3,128,4,6.53,48+2+2,6000,149.00
Samsung,Galaxy A52 5G,128,6,6.50,64+12+5+5,4500,449.00
Oppo,A93,128,8,6.43,48+8+2+2,4000,319.00
Motorola,Moto G Pro,128,4,6.40,48+16+2,4000,329.00
Huawei,P30 Lite,128,4,6.15,48+8+2,3340,329.00
Samsung,Galaxy Note20 5G,128,8,6.70,12+64+12,4300,1049.00
Xiaomi,Mi 10 Lite 5G,128,6,6.57,48+8+2+2,4160,349.00
Apple,iPhone 12 Pro Max,128,6,6.70,12+12+12,3687,1099.00
Oppo,Reno3,128,8,6.40,48+13+8+2,4025,429.00
Samsung,Galaxy S10 Lite,128,6,6.70,48+12+5,4500,649.00
